model,avg_dep_delay
737-230,-1.7790127492644656
737-282,-0.9898727603219943
ERJ 190-100 IGW,15.905860946178892
A330-223,68.11538461538461
